[
  {
    "id": 1756011376806,
    "movieId": 24,
    "title": "Nowhere",
    "year": 2023,
    "user": "guest",
    "status": "pending",
    "createdAt": "2025-08-24T04:56:16.806Z"
  },
  {
    "id": 1756012018449,
    "movieId": 25,
    "title": "Anabelle",
    "year": 2014,
    "user": "guest",
    "status": "pending",
    "createdAt": "2025-08-24T05:06:58.449Z"
  },
  {
    "id": 1756012043706,
    "movieId": 14,
    "title": "Sonic the Hedgehog 3",
    "year": 2024,
    "user": "guest",
    "status": "pending",
    "createdAt": "2025-08-24T05:07:23.706Z"
  },
  {
    "id": 1756012056019,
    "movieId": 13,
    "title": "Ballerina 2025",
    "year": 2025,
    "user": "guest",
    "status": "pending",
    "createdAt": "2025-08-24T05:07:36.019Z"
  },
  {
    "id": 1756012068156,
    "movieId": 22,
    "title": "Pirates of the Caribbean: At World's End",
    "year": 2007,
    "user": "guest",
    "status": "pending",
    "createdAt": "2025-08-24T05:07:48.156Z"
  },
  {
    "id": 1756012080710,
    "movieId": 2,
    "title": "Puss in Boots: The Last Wish",
    "year": 2022,
    "user": "guest",
    "status": "pending",
    "createdAt": "2025-08-24T05:08:00.710Z"
  },
  {
    "id": 1756012194086,
    "movieId": 11,
    "title": "The Old Guard 2",
    "year": 2025,
    "user": "guest",
    "status": "pending",
    "createdAt": "2025-08-24T05:09:54.086Z"
  },
  {
    "id": 1756012323306,
    "movieId": "tmdb-803796",
    "title": "KPop Demon Hunters",
    "year": 2025,
    "user": "guest",
    "status": "pending",
    "createdAt": "2025-08-24T05:12:03.306Z"
  },
  {
    "id": 1756012539078,
    "movieId": "tmdb-1311031",
    "title": "Demon Slayer: Kimetsu no Yaiba Infinity Castle",
    "year": 2025,
    "user": "guest",
    "status": "pending",
    "createdAt": "2025-08-24T05:15:39.078Z"
  }
]
